answers,question,views,votes
0,Calling Props in JSX Invokes Invalid Syntax Error,3,1
0,Why is my backend console errors giving me errors regarding my front end,7,0
0,How to transfer data over a local network in react cross-platform applications?,5,0
0,npm install fails with Conflicting peer dependency: react@16.14.0,4,0
0,Using React to create a wordpress post with image and custum fields,5,0
0,Renderizar Icones React Icons,3,0
0,(Android / React Native) Unable to list file system,6,0
0,How to generate http services using aspnetboilerplate reactjs app,3,0
0,(Tailwindcss) Make a column full-width when it is the only column in a row,3,0
0,Draft.js read only component,5,0
0,how to create new array based on the two different arrays with same id in Typescript/JavaScript? [duplicate],12,-2
0,Plugins must return an object of function properties error while setting up redux store,5,0
0,live reload when running express with CRA,7,0
2,Short circuiting not working in react render div,23,0
0,Parse a Json with square brackets in React using Axios,12,-1
0,Using Firebase Database with React-Table,5,0
0,Create custom Search bar in react to search through firebase document,4,0
0,FullCalendar: How to find resources that are Expanded,6,0
0,How to set gutters only for specific lines in react-codemirror2,4,0
1,Multiple re-rendering of child component problem,22,0
1,How would you group a field in a table so it doesnt show duplicates - react,4,0
0,How to set default value for a function that returns something?,23,0
0,Error [ERR_REQUIRE_ESM] Github deploy error,8,0
0,How to fix style when i print with react-to-print?,12,0
0,How to target MAP to a styled component using React and Openlayers,7,0
0,How to fix typeError and others when attempting to post my users input to the backend?,11,0
1,update nested state object with array inside,19,2
0,Unhandled promise rejection: SyntaxError: JSON Parse error: Unrecognized token '<' Possible Unhandled Promise Rejection,16,-1
1,React + leaflet + routing machine : Problem accessing map outside MapContainer,11,0
0,More efficient way to filter products,15,0
1,"Objects are not valid as a React child (found: [object Promise]). If you meant to render a collection of children, use an array instead. error",13,0
1,useSelector with argument causes Maximum update depth exceeded,10,0
1,How do I style a component that has `styled-components` nested in it?,17,0
0,How to filter an array of objects by Boolean? [duplicate],14,-1
0,Custom styling for Tiktok Embed in NextJS,4,0
0,How to maintain the state on page refresh and relogin,9,0
1,React native: how to find an item in array?,24,-1
0,Content not rendering after click to open,19,0
0,cors error: strict-origin-when-cross-origin: react + nginx + elasticsearch,9,0
0,Binding multiple DragSources for a signle draggable react-dnd entity,4,0
0,How to access user data?,8,0
0,Web Client is failing to load after migrating to latest react scripts due to an uncaught reference error from main.js,6,0
2,Change the text of button on hover,43,0
0,Can we generate unique keys in React using Symbol?,21,-2
0,Can I connect solidity contract with backend Node.js,9,0
1,Favicon with different sizes on next js,10,0
1,How to run a loop inside a jsx string set using dangerouslySetInnerHTML,16,0
0,Why is index always 23 when handleClick() is called. REACT [duplicate],13,0
1,TypeScript conditional property not working with Omit,17,1
0,[React][React-Leaflet] Updating position after changing radius,3,0
